{
  "project_info": {
    "project_number": "591173957019",
    "project_id": "ear-training-app-299c1",
    "storage_bucket": "ear-training-app-299c1.firebasestorage.app"
  },
  "client": [
    {
      "client_info": {
        "mobilesdk_app_id": "1:591173957019:android:493f8ec34a128a26949d3e",
        "android_client_info": {
          "package_name": "com.example.eartraining2"
        }
      },
      "oauth_client": [],
      "api_key": [
        {
          "current_key": "AIzaSyB-Vq5WQwSA3fjj8w8d5pIRgxfAzPELO2k"
        }
      ],
      "services": {
        "appinvite_service": {
          "other_platform_oauth_client": []
        }
      }
    }
  ],
  "configuration_version": "1"
}